sample_id	consensus_sequence_file	depth	serotype_called	reference_sequence_name	reference_sequence_length	number_aligned_bases	coverage_untrimmed	coverage_trimmed
K1_S41	K1_S41.DENV3.10.cons.fa	10	DENV3	DENV3	10707	10377	96.92	97.95
B1_S5	B1_S5.DENV1.10.cons.fa	10	DENV1	DENV1	10735	10616	98.89	100.0
J1_S37	J1_S37.DENV3.10.cons.fa	10	DENV3	DENV3	10707	10416	97.28	98.39
A2_S2	A2_S2.DENV3.10.cons.fa	10	DENV3	DENV3	10707	10533	98.37	99.48
I3_S35	I3_S35.DENV2.10.cons.fa	10	DENV2	DENV2	10723	10602	98.87	100.0
F4_S24	NA	10	NA	DENV1	NA	0	0	0
D4_S16	D4_S16.DENV3.10.cons.fa	10	NA	DENV3	10707	3173	29.63	28.94
I1_S33	I1_S33.DENV1.10.cons.fa	10	DENV1	DENV1	10735	10596	98.71	100.0
G2_S26	G2_S26.DENV3.10.cons.fa	10	DENV3	DENV3	10707	10335	96.53	97.91
C2_S10	C2_S10.DENV3.10.cons.fa	10	DENV3	DENV3	10707	10585	98.86	100.0
H4_S32	H4_S32.DENV2.10.cons.fa	10	NA	DENV2	10723	3604	33.61	35.42
E4_S20	E4_S20.DENV2.10.cons.fa	10	NA	DENV2	10723	3866	36.05	37.99
B4_S8	B4_S8.DENV2.10.cons.fa	10	NA	DENV2	10723	4530	42.25	44.52
G1_S25	G1_S25.DENV1.10.cons.fa	10	DENV1	DENV1	10735	10477	97.6	100.0
E2_S18	E2_S18.DENV3.10.cons.fa	10	DENV3	DENV3	10707	10296	96.16	97.15
C3_S11	C3_S11.DENV2.10.cons.fa	10	DENV2	DENV2	10723	10598	98.83	100.0
G3_S27	G3_S27.DENV2.10.cons.fa	10	DENV2	DENV2	10723	10583	98.69	100.0
F3_S23	F3_S23.DENV3.10.cons.fa	10	NA	DENV3	10707	122	1.14	0.66
K2_S42	K2_S42.DENV3.10.cons.fa	10	DENV3	DENV3	10707	10591	98.92	100.0
B3_S7	B3_S7.DENV2.10.cons.fa	10	DENV2	DENV2	10723	10595	98.81	100.0
J4_S40	J4_S40.DENV2.10.cons.fa	10	DENV2	DENV2	10723	6382	59.52	59.91
D3_S15	D3_S15.DENV2.10.cons.fa	10	NA	DENV2	10723	4341	40.48	42.66
J3_S39	J3_S39.DENV2.10.cons.fa	10	NA	DENV2	10723	5258	49.03	50.3
F2_S22	F2_S22.DENV3.10.cons.fa	10	DENV3	DENV3	10707	10141	94.71	95.63
H2_S30	H2_S30.DENV3.10.cons.fa	10	DENV3	DENV3	10707	10415	97.27	98.33
H3_S31	H3_S31.DENV2.10.cons.fa	10	DENV2	DENV2	10723	10604	98.89	100.0
D2_S14	D2_S14.DENV3.10.cons.fa	10	DENV3	DENV3	10707	10421	97.33	98.39
C4_S12	C4_S12.DENV3.10.cons.fa	10	NA	DENV3	10707	636	5.94	6.25
H1_S29	H1_S29.DENV1.10.cons.fa	10	DENV1	DENV1	10735	10601	98.75	100.0
A3_S3	A3_S3.DENV2.10.cons.fa	10	DENV2	DENV2	10723	10563	98.51	100.0
K3_S43	K3_S43.DENV2.10.cons.fa	10	NA	DENV2	10723	5007	46.69	48.76
J2_S38	J2_S38.DENV3.10.cons.fa	10	DENV3	DENV3	10707	10426	97.38	98.49
I2_S34	I2_S34.DENV3.10.cons.fa	10	DENV3	DENV3	10707	10428	97.39	98.39
E1_S17	E1_S17.DENV3.10.cons.fa	10	DENV3	DENV3	10707	10478	97.86	98.94
I4_S36	I4_S36.DENV2.10.cons.fa	10	DENV2	DENV2	10723	9489	88.49	90.9
D1_S13	D1_S13.DENV1.10.cons.fa	10	DENV1	DENV1	10735	10616	98.89	100.0
A1_S1	A1_S1.DENV1.10.cons.fa	10	DENV1	DENV1	10735	10596	98.71	100.0
C1_S9	C1_S9.DENV1.10.cons.fa	10	DENV1	DENV1	10735	10609	98.83	100.0
G4_S28	G4_S28.DENV2.10.cons.fa	10	NA	DENV2	10723	3293	30.71	32.36
E3_S19	E3_S19.DENV2.10.cons.fa	10	NA	DENV2	10723	5325	49.66	52.33
B2_S6	B2_S6.DENV3.10.cons.fa	10	DENV3	DENV3	10707	10478	97.86	98.94
A4_S4	A4_S4.DENV3.10.cons.fa	10	NA	DENV3	10707	3614	33.75	32.89
F1_S21	F1_S21.DENV3.10.cons.fa	10	DENV3	DENV3	10707	10088	94.22	95.1
K4_S44	K4_S44.DENV3.10.cons.fa	10	NA	DENV3	10707	4580	42.78	42.19
