sample_id	consensus_sequence_file	depth	serotype_called	reference_sequence_name	reference_sequence_length	number_aligned_bases	coverage_untrimmed	coverage_trimmed
K1_S41	K1_S41.DENV3.10.cons.fa	10	DENV3	DENV3	10707	10377	96.92	97.95
B1_S5	B1_S5.DENV1.10.cons.fa	10	DENV1	DENV1	10735	10616	98.89	100.0
J1_S37	J1_S37.DENV3.10.cons.fa	10	DENV3	DENV3	10707	10416	97.28	98.39
A2_S2	A2_S2.DENV3.10.cons.fa	10	DENV3	DENV3	10707	10533	98.37	99.48
I3_S35	I3_S35.DENV2.10.cons.fa	10	DENV2	DENV2	10723	10602	98.87	100.0
I3_S35	I3_S35.DENV2_sylvatic.10.cons.fa	10	DENV2_sylvatic	DENV2_sylvatic	10722	6607	61.62	61.03
I1_S33	I1_S33.DENV1.10.cons.fa	10	DENV1	DENV1	10735	10596	98.71	100.0
G2_S26	G2_S26.DENV3.10.cons.fa	10	DENV3	DENV3	10707	10335	96.53	97.91
C2_S10	C2_S10.DENV3.10.cons.fa	10	DENV3	DENV3	10707	10585	98.86	100.0
G1_S25	G1_S25.DENV1.10.cons.fa	10	DENV1	DENV1	10735	10477	97.6	100.0
E2_S18	E2_S18.DENV3.10.cons.fa	10	DENV3	DENV3	10707	10296	96.16	97.15
C3_S11	C3_S11.DENV2.10.cons.fa	10	DENV2	DENV2	10723	10598	98.83	100.0
C3_S11	C3_S11.DENV2_sylvatic.10.cons.fa	10	DENV2_sylvatic	DENV2_sylvatic	10722	6802	63.44	62.98
G3_S27	G3_S27.DENV2.10.cons.fa	10	DENV2	DENV2	10723	10583	98.69	100.0
G3_S27	G3_S27.DENV2_sylvatic.10.cons.fa	10	DENV2_sylvatic	DENV2_sylvatic	10722	6465	60.3	59.83
K2_S42	K2_S42.DENV3.10.cons.fa	10	DENV3	DENV3	10707	10591	98.92	100.0
B3_S7	B3_S7.DENV2.10.cons.fa	10	DENV2	DENV2	10723	10595	98.81	100.0
B3_S7	B3_S7.DENV2_sylvatic.10.cons.fa	10	DENV2_sylvatic	DENV2_sylvatic	10722	6730	62.77	62.4
J4_S40	J4_S40.DENV2.10.cons.fa	10	DENV2	DENV2	10723	6382	59.52	59.91
F2_S22	F2_S22.DENV3.10.cons.fa	10	DENV3	DENV3	10707	10141	94.71	95.63
H2_S30	H2_S30.DENV3.10.cons.fa	10	DENV3	DENV3	10707	10415	97.27	98.33
H3_S31	H3_S31.DENV2.10.cons.fa	10	DENV2	DENV2	10723	10604	98.89	100.0
H3_S31	H3_S31.DENV2_sylvatic.10.cons.fa	10	DENV2_sylvatic	DENV2_sylvatic	10722	6668	62.19	61.62
D2_S14	D2_S14.DENV3.10.cons.fa	10	DENV3	DENV3	10707	10421	97.33	98.39
H1_S29	H1_S29.DENV1.10.cons.fa	10	DENV1	DENV1	10735	10601	98.75	100.0
A3_S3	A3_S3.DENV2.10.cons.fa	10	DENV2	DENV2	10723	10563	98.51	100.0
A3_S3	A3_S3.DENV2_sylvatic.10.cons.fa	10	DENV2_sylvatic	DENV2_sylvatic	10722	6336	59.09	58.66
J2_S38	J2_S38.DENV3.10.cons.fa	10	DENV3	DENV3	10707	10426	97.38	98.49
I2_S34	I2_S34.DENV3.10.cons.fa	10	DENV3	DENV3	10707	10428	97.39	98.39
E1_S17	E1_S17.DENV3.10.cons.fa	10	DENV3	DENV3	10707	10478	97.86	98.94
I4_S36	I4_S36.DENV2.10.cons.fa	10	DENV2	DENV2	10723	9489	88.49	90.9
D1_S13	D1_S13.DENV1.10.cons.fa	10	DENV1	DENV1	10735	10616	98.89	100.0
A1_S1	A1_S1.DENV1.10.cons.fa	10	DENV1	DENV1	10735	10596	98.71	100.0
C1_S9	C1_S9.DENV1.10.cons.fa	10	DENV1	DENV1	10735	10609	98.83	100.0
B2_S6	B2_S6.DENV3.10.cons.fa	10	DENV3	DENV3	10707	10478	97.86	98.94
F1_S21	F1_S21.DENV3.10.cons.fa	10	DENV3	DENV3	10707	10088	94.22	95.1
